{
  "database": {
    "server": "localhost",
    "database": "weighbridge",
    "username": "admin",
    "password": "admin"
  },
  "weighIndicators": [ "Balaram" ],
  "dbBackup": {
    "path": "C:/Users/Admin/weighbridge-backup",
    "enable_auto_backup": true
  },
  "printers": {
    "printer1": {
      "name": "EPSON FX-2175 ESC/P",
      "description": "",
      "status": 0,
      "isDefault": false
    },
    "printer2": {
      "name": "Microsoft XPS Document Writer",
      "description": "",
      "status": 0,
      "isDefault": false
    },
    "printer3": {
      "name": "AnyDesk Printer",
      "description": "",
      "status": 0,
      "isDefault": false
    },
    "printer4": {
      "name": "Fax",
      "description": "",
      "status": 0,
      "isDefault": false
    }
  },
  "selectedPrinter": {
    "name": "EPSON FX-2175 ESC/P",
    "description": "",
    "status": 0,
    "isDefault": false
  }
}
